id,brand,model,year,category,fuel_type,engine_size,power,reliability_score,price,pros,cons
1,Nissan,Sentra,2018,Sedan,Petrol,1.8,130,4.2,15000,"Экономичность;Просторный салон;Низкая стоимость обслуживания","Слабая динамика;Скромный дизайн"
2,Toyota,Corolla,2020,Sedan,Hybrid,1.8,121,4.8,18000,"Надёжность;Топливная экономичность;Высокая остаточная стоимость","Скучное управление;Низкая мощность"
3,Honda,Civic,2019,Sedan,Petrol,2.0,158,4.5,17000,"Надёжность;Спортивный характер;Отличная управляемость","Шум в салоне;Относительно высокая цена"
4,Hyundai,Elantra,2018,Sedan,Petrol,2.0,147,4.0,14000,"Доступность;Гарантия производителя","Низкая остаточная стоимость;Качество интерьера"
5,Volkswagen,Golf,2017,Hatchback,Diesel,1.6,110,4.3,16000,"Качество сборки;Комфорт","Высокая стоимость обслуживания;Ограничения на дизель"
6,Subaru,Outback,2019,SUV,Petrol,2.5,175,4.4,24000,"Полный привод;Просторный салон;Проходимость","Расход топлива;Крен в поворотах"
7,Mazda,CX-5,2019,SUV,Petrol,2.5,187,4.6,23000,"Стильный дизайн;Отличная управляемость","Жёсткая подвеска;Шум от дороги"
8,Kia,Picanto,2016,Compact,Petrol,1.2,84,3.8,8000,"Компактность;Экономичность;Доступность","Низкая мощность;Простой интерьер"
9,BMW,3 Series,2018,Sedan,Diesel,2.0,190,4.1,25000,"Динамика;Качество интерьера;Технологичность","Высокая стоимость обслуживания;Необходимость премиум топлива"